Date,Close,RSI,SMA_200,Signal,Signal_Name
2004-01-09,0.9811599850654602,54.51712932875313,0.9734203318754832,1,BUY
2004-01-12,0.9907199740409851,64.16404742299531,0.9739783848485639,-1,SELL
2004-01-16,0.9909999966621399,64.08684141431823,0.9763759970664978,1,BUY
2004-01-20,0.9914799928665161,60.64577363543349,0.9769416193704348,-1,SELL
2004-03-02,1.020300030708313,39.75243173753633,0.9992976090801295,1,BUY
2004-03-05,1.0044000148773193,27.82921470811722,0.999457710981369,-1,SELL
2004-04-13,1.0052000284194946,54.572338282669136,0.9985359790398902,1,BUY
2004-04-14,0.9878399968147278,50.70435551312125,0.9984268363641233,-1,SELL
2005-02-01,0.9541800022125244,79.60804493918519,0.9353931003808975,1,BUY
2005-02-02,0.9623299837112427,83.29158895934353,0.9352299502491951,-1,SELL
2005-02-11,0.9698299765586853,68.15198430960925,0.9341563004255294,1,BUY
2005-02-16,0.9688299894332886,55.4714227425379,0.9341422501206398,-1,SELL
2005-02-17,0.96315997838974,53.06989187276964,0.9341162499785424,1,BUY
2005-02-18,0.9735900163650513,58.78042971032589,0.9341892001032829,-1,SELL
2005-02-24,0.9718000292778015,56.76772439433964,0.9345418500900269,1,BUY
2005-02-25,0.9753100275993347,58.98817805690444,0.9346542003750801,-1,SELL
2005-03-08,0.9670600295066833,48.54276121109572,0.9348095002770423,1,BUY
2005-03-11,0.9574499726295471,37.20327154803836,0.9348606497049332,-1,SELL
2005-03-21,0.9501100182533264,29.907444400053265,0.9351132503151893,1,BUY
2005-03-29,0.9339699745178223,27.10559376584723,0.9349226996302604,-1,SELL
2005-05-03,0.9690799713134766,55.19670043941376,0.9359994992613793,1,BUY
2005-05-04,0.9728900194168091,65.28478581365893,0.9361934494972229,-1,SELL
2005-05-17,0.9542700052261353,38.6966374400924,0.9375201493501664,1,BUY
2005-05-18,0.9573400020599365,37.663069645998284,0.9376046493649483,-1,SELL
2005-05-26,0.9602699875831604,47.91423396040513,0.9380916494131089,1,BUY
2005-06-01,0.9343699812889099,29.779775280898875,0.9384124493598938,-1,SELL
2005-06-23,0.9491599798202515,55.590248071086336,0.9421229991316795,1,BUY
2005-06-28,0.9405099749565125,33.00774645206225,0.9427297487854958,-1,SELL
2006-08-07,0.8532000184059143,55.6592496153391,0.850185050368309,1,BUY
2006-08-09,0.8567000031471252,56.022989115186384,0.84998605042696,-1,SELL
2006-08-22,0.8495000004768372,41.024352319399405,0.8493782505393028,1,BUY
2006-08-23,0.847599983215332,43.00756584092799,0.8492582005262375,-1,SELL
2006-12-08,0.9021300077438354,69.75968384785295,0.8489499509334564,1,BUY
2006-12-11,0.9010000228881836,67.76007302487497,0.8492424511909484,-1,SELL
2006-12-22,0.9049699902534485,57.77893978553058,0.85177275121212,1,BUY
2006-12-27,0.9110000133514404,56.87940688420527,0.8528612515330315,-1,SELL
2007-01-01,0.9203000068664551,70.58639800549196,0.8542151013016701,1,BUY
2007-01-02,0.9271000027656555,74.41672811477213,0.8547246012091637,-1,SELL
2007-01-10,0.9119600057601929,56.43814896676144,0.8572329011559486,1,BUY
2007-01-11,0.9182999730110168,62.49296139717383,0.8576194009184838,-1,SELL
2007-01-24,0.9199000000953674,48.24746575591323,0.8613453504443168,1,BUY
2007-01-29,0.9129999876022339,46.00119173370168,0.8623827502131463,-1,SELL
2007-01-30,0.909500002861023,48.053791409746886,0.8627177503705025,1,BUY
2007-02-01,0.9124000072479248,48.08929637699131,0.8633521002531052,-1,SELL
2007-02-09,0.9089099764823914,33.75438931578097,0.8654218497872352,1,BUY
2007-02-13,0.9092699885368347,39.10635750586396,0.8659757995605468,-1,SELL
2007-02-15,0.9110999703407288,50.64669210012096,0.8665667992830276,1,BUY
2007-02-16,0.9150500297546387,52.213387150333226,0.8668539994955062,-1,SELL
2007-02-27,0.916700005531311,43.47830915835536,0.86934514939785,1,BUY
2007-03-02,0.9227100014686584,70.24279057465363,0.8705535495281219,-1,SELL
2007-03-05,0.9079999923706055,48.75368361451054,0.8709015494585037,1,BUY
2007-03-06,0.9103000164031982,47.38013612240927,0.8712690496444702,-1,SELL
2007-06-25,0.9057000279426575,68.77787358719739,0.9007400998473167,1,BUY
2007-06-27,0.8977100253105164,53.784892426215656,0.9012776499986649,-1,SELL
2007-07-05,0.9041000008583069,58.16351976060922,0.9032477501034737,1,BUY
2007-07-06,0.8890900015830994,37.831015073520724,0.9035305500030517,-1,SELL
2007-07-24,0.9133599996566772,54.897206823717234,0.9076373502612114,1,BUY
2007-07-25,0.9217000007629395,61.58197586164968,0.9079623502492905,-1,SELL
2008-01-17,0.8981999754905701,73.44494120419088,0.8889222505688668,1,BUY
2008-01-18,0.9040499925613403,70.34906535388127,0.8887045004963875,-1,SELL
2008-03-10,0.911899983882904,33.30453760116396,0.8872448000311851,1,BUY
2008-03-11,0.9197999835014343,42.35807505073469,0.8874138000607491,-1,SELL
2008-03-21,0.917169988155365,41.665469870552855,0.8887268000841141,1,BUY
2008-03-24,0.9264000058174133,53.73961356046941,0.8888778001070022,-1,SELL
2008-04-24,0.9510999917984009,63.592834961690784,0.8930640497803688,1,BUY
2008-04-28,0.949999988079071,53.86100191730422,0.8934448498487473,-1,SELL
2008-05-21,0.9460999965667725,47.42215070919588,0.8964358997344971,1,BUY
2008-05-23,0.9500799775123596,46.28508297053882,0.896951499581337,-1,SELL
2008-07-23,0.9708999991416931,44.398957863109175,0.9174918496608734,1,BUY
2008-07-24,0.9732000231742859,41.146374478886,0.9179633498191834,-1,SELL
2008-07-29,0.974399983882904,59.00619738332704,0.9194331997632981,1,BUY
2008-08-04,0.9620000123977661,35.28447890614588,0.9212968993186951,-1,SELL
2008-08-12,0.9266999959945679,21.78967366618251,0.9234176990389824,1,BUY
2008-08-13,0.9241999983787537,18.80572276812954,0.9236288991570473,-1,SELL
2009-04-27,0.861299991607666,38.65314310960948,0.8471979516744613,1,BUY
2009-04-28,0.8618199825286865,41.162740373323224,0.8466170516610145,-1,SELL
2009-05-15,0.8756899833679199,61.66691795888859,0.8410440018773079,1,BUY
2009-05-18,0.8896999955177307,68.54708690166434,0.8407700017094613,-1,SELL
2009-05-29,0.8727999925613403,41.86269259205821,0.8388743016123772,1,BUY
2009-06-01,0.8837000131607056,46.87578677019383,0.8387763017416,-1,SELL
2009-07-03,0.9213700294494629,65.34695284820278,0.8428478014469146,1,BUY
2009-07-06,0.9230999946594238,65.90971153808319,0.8432868012785911,-1,SELL
2009-07-07,0.9187999963760376,63.479159197761945,0.843668801188469,1,BUY
2009-07-09,0.9107000231742859,47.62086499713764,0.8443703010678292,-1,SELL
2009-07-27,0.887499988079071,26.13603623173259,0.8503019005060196,1,BUY
2009-07-28,0.891700029373169,37.583717190209654,0.8506559005379677,-1,SELL
2009-08-11,0.9120000004768372,63.16244768859462,0.8551714006066322,1,BUY
2009-08-12,0.9082000255584717,70.35109665966067,0.8557444006204605,-1,SELL
2009-08-25,0.9057000279426575,56.31470285892694,0.8607320007681847,1,BUY
2009-08-27,0.913100004196167,58.80003814700904,0.8618880006670951,-1,SELL
2009-08-31,0.9215999841690063,59.44882028345112,0.8630739504098892,1,BUY
2009-09-09,0.9297000169754028,70.59803740048139,0.8672729003429412,-1,SELL
2009-10-02,0.9347500205039978,52.04620280399083,0.8763247013092041,1,BUY
2009-10-06,0.9427000284194946,62.88552733154432,0.877334201335907,-1,SELL
2009-10-12,0.9375,51.48082420657708,0.87907250136137,1,BUY
2009-10-13,0.9354000091552734,50.860575221465915,0.8794855013489723,-1,SELL
2009-12-15,0.9606000185012817,41.35339154564995,0.9140725511312485,1,BUY
2009-12-18,0.9491199851036072,35.74690410000194,0.9157932010293007,-1,SELL
2009-12-21,0.9341999888420105,27.611931407038966,0.916274200975895,1,BUY
2009-12-24,0.9289699792861938,24.921803985549474,0.9174659007787704,-1,SELL
2010-01-14,0.9526000022888184,73.57419716729771,0.9231734505295753,1,BUY
2010-01-18,0.9501000046730042,68.63942614893865,0.9238120505213737,-1,SELL
2010-01-29,0.9453700184822083,28.57145237619143,0.9273359006643296,1,BUY
2010-02-01,0.9465000033378601,35.030841769671866,0.9277619007229805,-1,SELL
2010-02-18,0.9333999752998352,38.713897780815024,0.9315088501572609,1,BUY
2010-02-22,0.9380000233650208,50.314517277832344,0.9320474004745484,-1,SELL
2010-03-01,0.9375,51.93300315228678,0.9334640502929688,1,BUY
2010-03-02,0.9358000159263611,56.60112947432397,0.9337505504488945,-1,SELL
2010-03-10,0.9365000128746033,53.867317044153296,0.9353777503967285,1,BUY
2010-03-12,0.9320600032806396,42.70624898450892,0.9358817505836486,-1,SELL
2010-08-23,0.9308000206947327,46.97252723216239,0.9288500496745109,1,BUY
2010-08-30,0.9465000033378601,55.740759341655185,0.927872299849987,-1,SELL
2010-09-01,0.949999988079071,61.87940826476326,0.9276162996888161,1,BUY
2010-09-02,0.9557999968528748,67.60799891483751,0.9275997996330261,-1,SELL
2010-09-13,0.9587000012397766,71.57060009906458,0.9271052992343902,1,BUY
2010-09-15,0.9643999934196472,75.13808940465684,0.9271332991123199,-1,SELL
2010-09-17,0.9602000117301941,64.85900469337884,0.9270943993330002,1,BUY
2010-09-30,1.0,92.01458639605463,0.9288910993933678,-1,SELL
2010-10-07,0.9871000051498413,74.86137231765213,0.9302607992291451,1,BUY
2010-10-08,0.9994000196456909,76.98818194837494,0.9305321994423866,-1,SELL
2010-10-14,0.9940000176429749,62.13017542787143,0.9314921993017197,1,BUY
2010-10-19,1.00600004196167,60.493834731055934,0.932169699370861,-1,SELL
2010-10-22,1.0037000179290771,63.713058414922756,0.9329681998491287,1,BUY
2010-10-26,1.0088000297546387,72.11163420266797,0.9335516998171807,-1,SELL
2010-12-07,0.9937999844551086,47.26131855564997,0.9423671001195908,1,BUY
2010-12-08,0.9937999844551086,41.18670143768522,0.9426680999994278,-1,SELL
2010-12-09,0.989300012588501,33.565220816592245,0.9429771000146866,1,BUY
2010-12-15,1.0025999546051025,57.801391831838814,0.9442209002375602,-1,SELL
2010-12-20,1.0,66.93291997261612,0.945149100124836,1,BUY
2010-12-22,1.0135999917984009,71.69276527699233,0.9459526005387306,-1,SELL
2010-12-23,1.0117000341415405,72.72734309887937,0.9463436007499695,1,BUY
2010-12-24,1.0130000114440918,66.48940217621049,0.9467526006698609,-1,SELL
2011-01-12,0.9715999960899353,14.910597957329458,0.9513865005970001,1,BUY
2011-01-14,0.9868000149726868,32.75856513192902,0.9519039008021355,-1,SELL
2011-01-19,0.989300012588501,33.05606801957167,0.952683401107788,1,BUY
2011-01-20,0.9922000169754028,36.16148998521771,0.9529689010977745,-1,SELL
2011-01-28,0.9847999811172485,48.82682290847226,0.9546898511052132,1,BUY
2011-02-02,1.0011999607086182,62.70048831175454,0.9556688511371613,-1,SELL
2011-02-23,0.9897000193595886,43.636396981590096,0.9613921010494232,1,BUY
2011-03-01,0.9890000224113464,31.9788203552898,0.9636499008536339,-1,SELL
2011-04-06,0.9939000010490417,70.84115064952428,0.9769850504398346,1,BUY
2011-04-11,1.009600043296814,75.44558919514806,0.9786466509103775,-1,SELL
2011-04-20,1.006600022315979,54.46985318172356,0.9816912004351616,1,BUY
2011-04-22,1.0240999460220337,67.54249717176853,0.9827616503834724,-1,SELL
2011-04-27,1.0256999731063843,75.39930778715645,0.9843597003817558,1,BUY
2011-05-03,1.041200041770935,80.22507915334667,0.9865914005041122,-1,SELL
2011-05-06,1.0246000289916992,58.0551787617479,0.9880729004740715,1,BUY
2011-05-10,1.0399999618530273,71.5761637139042,0.9891201001405716,-1,SELL
2011-05-16,1.0228999853134155,49.93158916972572,0.9910446000099182,1,BUY
2011-05-18,1.0332000255584717,50.806504591316,0.9919421002268791,-1,SELL
2011-05-24,1.0267000198364258,45.10089870965083,0.99384860008955,1,BUY
2011-05-25,1.0305999517440796,50.793612567066155,0.9943285998702049,-1,SELL
2011-05-26,1.0293999910354614,53.6585188563869,0.9948045998811722,1,BUY
2011-05-30,1.045699954032898,54.285719407501425,0.995987599492073,-1,SELL
2011-06-01,1.0329999923706055,53.56081012962711,0.9970370995998382,1,BUY
2011-06-07,1.0511000156402588,62.804035732192744,0.9991545996069908,-1,SELL
2011-06-28,1.0302000045776367,35.66883655948813,1.005061100125313,1,BUY
2011-07-01,1.0324000120162964,50.614203117586065,1.0058881005644797,-1,SELL
2011-07-06,1.0289000272750854,43.31690764237238,1.006579600572586,1,BUY
2011-07-12,1.0298000574111938,50.16614058780896,1.007300600707531,-1,SELL
2011-07-22,1.0220999717712402,38.64121851461894,1.0084420999884605,1,BUY
2011-07-25,1.0290000438690186,48.73789104544981,1.0086001002788543,-1,SELL
2011-07-27,1.0334999561309814,51.85839251579254,1.0088656002283096,1,BUY
2011-07-28,1.0465999841690063,60.75031135392513,1.0090865999460221,-1,SELL
2011-08-15,1.0261000394821167,49.70414320436287,1.0103436011075972,1,BUY
2011-08-16,1.0292999744415283,48.17073930542922,1.0104111009836196,-1,SELL
2011-08-23,1.0293999910354614,47.84689336350635,1.0110061004757882,1,BUY
2011-08-24,1.039199948310852,52.915732260880084,1.0112386003136635,-1,SELL
2011-08-26,1.0313999652862549,54.62749181951262,1.0115540996193886,1,BUY
2011-08-31,1.0442999601364136,79.83737158364025,1.01207859903574,-1,SELL
2011-09-07,1.038599967956543,56.53098420413123,1.0134845992922783,1,BUY
2011-09-08,1.0478999614715576,69.45525472315121,1.013804599046707,-1,SELL
2011-10-14,1.0384999513626099,70.1228853666232,1.0157595974206926,1,BUY
2011-10-17,1.0436999797821045,74.1808830261433,1.0160265973210334,-1,SELL
2011-10-24,1.041100025177002,81.13832579308313,1.0174694976210594,1,BUY
2011-10-26,1.0595999956130981,87.84160769976143,1.0182249975204467,-1,SELL
2011-10-27,1.0436999797821045,70.04834604132594,1.0184969973564149,1,BUY
2011-10-31,1.0598000288009644,70.26717562536432,1.0192259976267815,-1,SELL
2011-11-04,1.0497000217437744,53.48838821106094,1.0204179978370667,1,BUY
2011-11-07,1.0569000244140625,59.641223842858025,1.0207784980535508,-1,SELL
2011-11-11,1.0313999652862549,45.463030697724214,1.0216779980063437,1,BUY
2011-11-14,1.0425000190734863,46.80659216831957,1.0218664982914925,-1,SELL
2011-12-07,1.034000039100647,53.09036843358107,1.0249274984002112,1,BUY
2011-12-09,1.0403000116348267,60.03020686307122,1.0254379984736444,-1,SELL
2011-12-13,1.031599998474121,57.02001277483835,1.0259389984607696,1,BUY
2011-12-15,1.028499960899353,58.46591242361823,1.0264274981617927,-1,SELL
2011-12-20,1.0289000272750854,46.65673550578954,1.0271919980645179,1,BUY
2011-12-27,1.0367000102996826,52.85410770227256,1.0286734980344772,-1,SELL
2011-12-30,1.0343999862670898,44.591607412592566,1.0293444979190827,1,BUY
2012-01-04,1.048200011253357,71.64850136239782,1.0299979987740517,-1,SELL
2012-01-10,1.0479999780654907,68.22430600687031,1.0309154984354973,1,BUY
2012-01-11,1.0470999479293823,70.19210930515119,1.0311434981226921,-1,SELL
2012-01-17,1.0497000217437744,72.28545932616723,1.0321249985694885,1,BUY
2012-01-19,1.0534000396728516,76.38877851068904,1.0326114988327026,-1,SELL
2012-01-20,1.0530999898910522,69.65495412542339,1.0328269988298415,1,BUY
2012-01-24,1.0601999759674072,67.75129877229426,1.0333194988965988,-1,SELL
2012-01-31,1.0608999729156494,68.06273736374501,1.0343909984827042,1,BUY
2012-02-01,1.063599944114685,68.06263769870742,1.0345804983377456,-1,SELL
2012-02-07,1.0677000284194946,70.32972431274685,1.0352089977264405,1,BUY
2012-02-09,1.0743000507354736,75.11857378128187,1.0356354981660842,-1,SELL
2012-03-16,1.0433000326156616,26.07886596900559,1.0389840000867843,1,BUY
2012-03-19,1.0506000518798828,29.642882991812883,1.0390775001049042,-1,SELL
2012-06-20,1.0357999801635742,92.28957743497473,1.0353305003046989,1,BUY
2012-06-21,1.0393999814987183,92.17994350282486,1.035443499982357,-1,SELL
2012-06-29,1.0367599725723267,70.25485307112584,1.0360448494553567,1,BUY
2012-07-06,1.0424000024795532,64.97719002878401,1.0368413493037223,-1,SELL
2012-07-17,1.0389000177383423,62.43894212876814,1.0378218504786492,1,BUY
2012-07-20,1.0501999855041504,60.81413513308561,1.0380443504452705,-1,SELL
2012-07-24,1.0455000400543213,55.711042506662075,1.038095850646496,1,BUY
2012-08-06,1.0563000440597534,79.59177053514227,1.0381778505444528,-1,SELL
2012-08-08,1.0506999492645264,58.09844818395128,1.0381928500533104,1,BUY
2012-08-10,1.047700047492981,49.01193034038222,1.0382143500447274,-1,SELL
2012-11-12,1.039199948310852,65.89070554209667,1.0315722012519837,1,BUY
2012-11-13,1.0422999858856201,78.2586009174312,1.0314452010393143,-1,SELL
2012-11-19,1.0357999801635742,51.74500683690988,1.0307747006416321,1,BUY
2012-11-20,1.0367000102996826,50.607259864069185,1.0306032007932664,-1,SELL
2012-11-23,1.035390019416809,57.98028117118662,1.0300806498527526,1,BUY
2012-11-26,1.038699984550476,57.309052653319384,1.029921149611473,-1,SELL
2012-12-06,1.0357999801635742,53.226886800992055,1.028735749721527,1,BUY
2012-12-07,1.0381100177764893,54.28576483806187,1.0286043000221252,-1,SELL
2013-01-01,1.0306999683380127,34.538029558065276,1.0275086987018585,1,BUY
2013-01-04,1.0325000286102295,34.322198705871074,1.0274566996097565,-1,SELL
2013-01-22,1.0434999465942383,75.86227967358639,1.0280016005039214,1,BUY
2013-01-24,1.0535900592803955,86.29969469157282,1.0282286506891252,-1,SELL
2013-01-25,1.0465999841690063,67.66868686868688,1.028319650888443,1,BUY
2013-01-28,1.0492500066757202,68.73751511774857,1.0284114009141923,-1,SELL
2013-02-19,1.042099952697754,44.893414353752675,1.0302530500292777,1,BUY
2013-02-20,1.046589970588684,52.34299173061741,1.0304794999957085,-1,SELL
2013-03-05,1.0470000505447388,62.06618860481597,1.032486850619316,1,BUY
2013-03-08,1.0569000244140625,68.35803300033871,1.0332767006754875,-1,SELL
2013-03-11,1.0500999689102173,57.15565242054665,1.0334942004084586,1,BUY
2013-03-13,1.0592000484466553,65.73176874028826,1.033940050303936,-1,SELL
2013-03-14,1.05840003490448,60.71218856489288,1.0341375502943992,1,BUY
2013-03-15,1.0609400272369385,59.0177927889145,1.0343547502160073,-1,SELL
2013-03-18,1.0595200061798096,56.73040797182423,1.034554350078106,1,BUY
2013-03-19,1.0625,63.85431687927529,1.0347783502936363,-1,SELL
2013-04-08,1.0526000261306763,33.10590063754388,1.0369033506512642,1,BUY
2013-04-11,1.069000005722046,50.0,1.0372635009884834,-1,SELL
2014-02-04,0.9717599749565125,44.98613736360262,0.9696912023425103,1,BUY
2014-02-05,0.9876000285148621,56.50781639760626,0.9694100022315979,-1,SELL
2014-02-06,0.9886999726295471,63.73502455359206,0.9691760018467903,1,BUY
2014-02-07,0.9905099868774414,66.02513223566294,0.9689480516314507,-1,SELL
2014-02-11,0.9888399839401245,62.74296172490458,0.9684795013070107,1,BUY
2014-02-13,0.9919000267982483,62.86073082658257,0.9681811508536339,-1,SELL
2014-03-04,0.9885900020599365,46.128254474788626,0.9674985006451606,1,BUY
2014-03-10,1.00409996509552,61.91380538230787,0.9675086504220962,-1,SELL
2014-03-13,0.999970018863678,50.062654837433364,0.9675829502940178,1,BUY
2014-03-20,1.0153000354766846,64.24098502272653,0.968573750257492,-1,SELL
2014-04-08,1.016800045967102,52.21248740657127,0.9719599509239196,1,BUY
2014-04-15,1.0322999954223633,64.81487613644308,0.9736019507050514,-1,SELL
2014-04-16,1.0262000560760498,54.54559528859522,0.9739094510674476,1,BUY
2014-04-17,1.031599998474121,61.538440163280725,0.9742537009716034,-1,SELL
2014-04-22,1.028499960899353,62.06562262674614,0.9754575002193451,1,BUY
2014-04-23,1.033370018005371,65.22891293055486,0.9758313503861428,-1,SELL
2014-05-08,1.0159000158309937,34.661808471063395,0.9797681000828743,1,BUY
2014-05-15,1.0201300382614136,47.433606974729116,0.9820307996869088,-1,SELL
2014-05-29,1.003159999847412,30.28496818718783,0.9853408998250961,1,BUY
2014-05-30,1.0089000463485718,31.099759123011125,0.9856429001688958,-1,SELL
2014-06-03,1.006700038909912,25.81732872082388,0.9862457007169724,1,BUY
2014-06-13,1.0230000019073486,77.56492034539838,0.9890697011351586,-1,SELL
2014-06-23,1.0090999603271484,52.616584351442675,0.9907690513134003,1,BUY
2014-06-24,1.010599970817566,49.65239703798636,0.9910129010677338,-1,SELL
2014-07-08,1.001099944114685,38.18812781338005,0.9929087010025978,1,BUY
2014-07-09,1.00409996509552,35.973015931350034,0.9930757007002831,-1,SELL
2014-07-14,1.0061999559402466,45.80790172476848,0.993560000360012,1,BUY
2014-07-16,1.0073000192642212,49.038018036843276,0.9938737004995346,-1,SELL
2014-07-22,1.005679965019226,46.04366355572372,0.9943607500195504,1,BUY
2014-07-28,1.0159200429916382,70.33479127069546,0.9948062497377396,-1,SELL
2014-08-04,1.0168999433517456,67.6312543870433,0.9952311497926712,1,BUY
2014-08-07,1.0203800201416016,73.32680100541047,0.9956154501438141,-1,SELL
2014-08-13,1.012719988822937,49.8914376502642,0.9961083498597145,1,BUY
2014-08-14,1.0154999494552612,55.21909822245174,0.9962243497371673,-1,SELL
2014-08-19,1.0148999691009521,45.11430463060326,0.9966969496011734,1,BUY
2014-08-21,1.018149971961975,55.49189972592519,0.9971031990647315,-1,SELL
2014-08-22,1.017899990081787,51.6088078827559,0.9973216989636421,1,BUY
2014-08-25,1.0199099779129028,53.33528130282172,0.9975327488780021,-1,SELL
2014-09-05,1.0160000324249268,54.437978344443266,0.9996248492598534,1,BUY
2014-09-08,1.0190999507904053,60.71441604729524,0.9998758488893509,-1,SELL
2015-08-17,0.9651200175285339,60.98989631508569,0.9626504001021385,1,BUY
2015-08-18,0.9648000001907349,59.96043129261971,0.9625709000229835,-1,SELL
2015-11-20,0.9558699727058411,77.85526338418147,0.9539056500792503,1,BUY
2015-11-23,0.9653599858283997,80.24028593898859,0.953897950053215,-1,SELL
2015-11-24,0.9603800177574158,71.4314857504233,0.9538629502058029,1,BUY
2015-11-25,0.9653199911117554,74.27421704376931,0.9538504001498223,-1,SELL
2015-12-01,0.9652600288391113,76.2605003494174,0.9535482007265091,1,BUY
2015-12-07,0.9825000166893005,77.36243447997794,0.9535749006271362,-1,SELL
2015-12-10,0.9812999963760376,71.60580104705679,0.9536883506178856,1,BUY
2015-12-11,0.9911100268363953,71.75936932108938,0.953786450624466,-1,SELL
2015-12-14,0.9840999841690063,69.37903146478217,0.9538419505953789,1,BUY
2015-12-15,0.9956499934196472,72.36392083785648,0.9539722004532813,-1,SELL
2015-12-16,0.9883700013160706,66.15880511231404,0.9540735504031181,1,BUY
2015-12-17,0.9938600063323975,73.04858701515931,0.9541999003291131,-1,SELL
2015-12-18,0.9924499988555908,71.45125536994348,0.9542742002010346,1,BUY
2015-12-23,1.0062999725341797,73.41412813181933,0.9546880999207497,-1,SELL
2015-12-24,1.0016900300979614,67.22290160046909,0.9548160499334335,1,BUY
2015-12-25,1.0052800178527832,66.75986840662738,0.9549804499745369,-1,SELL
2015-12-31,1.0101499557495117,65.95705780741253,0.9555068495869636,1,BUY
2016-01-04,1.0101100206375122,67.25546010245205,0.9558500498533249,-1,SELL
2016-01-11,0.9843199849128723,26.91852616036161,0.9567096501588821,1,BUY
2016-01-12,0.9935299754142761,37.20181168034427,0.9569438001513482,-1,SELL
2016-01-13,0.9957299828529358,43.723613794454046,0.9571469500660896,1,BUY
2016-01-15,1.0032000541687012,45.95934019083871,0.9574772503972053,-1,SELL
2016-01-28,0.9885500073432922,49.05794185329495,0.959551650583744,1,BUY
2016-02-02,0.9917500019073486,46.53191770050038,0.9601753509044647,-1,SELL
2016-02-08,0.9835799932479858,36.22413172664574,0.9607730007171631,1,BUY
2016-02-09,0.9853399991989136,30.333412241476296,0.9609607008099555,-1,SELL
2016-02-15,0.9843000173568726,43.60467664358786,0.9615362507104873,1,BUY
2016-02-16,0.9876999855041504,48.941550064904,0.9616992506384849,-1,SELL
2016-02-22,0.9846699833869934,43.17126369248352,0.9620528504252434,1,BUY
2016-02-24,0.9923999905586243,55.186958616417755,0.9622726002335549,-1,SELL
2016-03-03,0.9783300161361694,41.297835420990786,0.9625977003574371,1,BUY
2016-03-14,1.0006999969482422,55.74888109825103,0.963844750225544,-1,SELL
2016-03-17,0.989549994468689,55.786285930184,0.9645049500465394,1,BUY
2016-03-18,0.9929400086402893,69.49843262820497,0.9647077000141144,-1,SELL
2016-04-01,0.9961400032043457,43.20213397404684,0.96683100014925,1,BUY
2016-04-04,0.9994000196456909,52.267386042723786,0.9671200001239777,-1,SELL
2016-04-12,0.9801999926567078,34.27086099643499,0.9681592500209808,1,BUY
2016-04-13,0.9807900190353394,33.89912123930212,0.9683227002620697,-1,SELL
2016-04-18,0.9911800026893616,45.94378485731572,0.9689547502994538,1,BUY
2016-04-19,0.9922099709510803,44.448942193953734,0.9692038002610207,-1,SELL
2016-07-08,0.9738500118255615,74.53117612672557,0.9713420006632805,1,BUY
2016-07-13,0.9929800033569336,80.60036982781394,0.9722399508953095,-1,SELL
2016-08-04,0.9918000102043152,60.90336891490009,0.9754497501254081,1,BUY
2016-08-09,1.0076700448989868,78.58381397386289,0.9764605504274368,-1,SELL
2016-08-22,0.9805099964141846,43.83515757354904,0.9788437005877495,1,BUY
2016-08-23,0.9870499968528748,42.47342850518642,0.9790509006381035,-1,SELL
2016-08-26,0.984000027179718,29.26622849755617,0.9795613506436348,1,BUY
2016-08-30,0.986020028591156,28.984946635633833,0.9797713008522987,-1,SELL
2016-09-01,0.9851999878883362,31.865871316311086,0.9799712508916855,1,BUY
2016-09-02,0.988610029220581,45.07824148213596,0.9801171511411667,-1,SELL
2016-09-06,0.9815300107002258,38.740620186230025,0.9803123009204865,1,BUY
2016-09-09,0.988510012626648,60.893221786118936,0.9804775509238243,-1,SELL
2016-09-14,0.9826800227165222,48.271978495132025,0.9805238509178161,1,BUY
2016-09-15,0.9869700074195862,53.7604107864653,0.9805522009730339,-1,SELL
2016-09-19,0.9900299906730652,55.577127774222326,0.9805668008327484,1,BUY
2016-09-22,0.9985499978065491,62.78945277569433,0.9806248009204864,-1,SELL
2016-09-26,1.001389980316162,76.89594213895369,0.9806613507866859,1,BUY
2016-09-29,1.0048999786376953,66.91427038917007,0.9807353511452674,-1,SELL
2016-10-07,1.00177001953125,62.95234400173605,0.9806132015585899,1,BUY
2016-10-10,1.0069600343704224,63.23626335620327,0.9805974516272545,-1,SELL
2016-10-12,1.000349998474121,51.85184730952016,0.9805898514389991,1,BUY
2016-10-13,1.0025999546051025,55.23134839397527,0.9806239011883736,-1,SELL
2016-10-14,0.9985299706459045,47.12735475728922,0.9806684011220932,1,BUY
2016-10-19,1.0058399438858032,51.18802960355821,0.980829901099205,-1,SELL
2016-10-21,1.0094000101089478,55.67218461770842,0.9809564006328583,1,BUY
2016-10-27,1.0227500200271606,68.79255187377737,0.9812671008706093,-1,SELL
2016-11-01,1.0206400156021118,68.2825832896512,0.9816260504722595,1,BUY
2016-11-08,1.0318599939346313,72.1635540969757,0.9825473007559776,-1,SELL
2016-11-22,0.9891300201416016,22.995452858203407,0.9838462516665458,1,BUY
2016-11-28,1.0058000087738037,30.33508446827267,0.984157202243805,-1,SELL
2017-02-02,0.989329993724823,54.19173039336609,0.983135752081871,1,BUY
2017-02-09,1.0032000541687012,45.42572645912832,0.9842344519495964,-1,SELL
2017-02-14,0.9988300204277039,50.25699600228441,0.9849574518203735,1,BUY
2017-02-16,1.0089499950408936,72.08765396734461,0.9855279019474983,-1,SELL
2017-03-01,1.016700029373169,62.118481738702386,0.9884786030650139,1,BUY
2017-03-02,1.022439956665039,67.44694760633898,0.9889081028103829,-1,SELL
2017-03-07,1.0169800519943237,62.37875046315235,0.9900822028517723,1,BUY
2017-03-08,1.0184500217437744,59.244882901862155,0.9904448029398918,-1,SELL
2017-03-13,1.0150799751281738,58.291775979229996,0.9914356529712677,1,BUY
2017-03-16,1.024549961090088,64.49116442819215,0.9925174531340599,-1,SELL
2017-03-17,1.0216000080108643,66.13681811608296,0.992907153069973,1,BUY
2017-03-21,1.0309200286865234,65.25755420712802,0.9937556028366089,-1,SELL
2017-04-20,1.0106099843978882,39.46853204958429,0.9988982018828392,1,BUY
2017-04-24,1.0187499523162842,50.986779076451434,0.999229151904583,-1,SELL
2017-04-28,1.0175299644470215,63.099653756115345,1.0000612014532089,1,BUY
2017-05-03,1.0338200330734253,85.72850859799848,1.0006826016306878,-1,SELL
2017-05-10,1.006500005722046,46.7313748950024,1.00128700196743,1,BUY
2017-05-15,1.0140299797058105,41.563425633174695,1.0015106016397477,-1,SELL
2017-06-05,1.0026600360870361,37.336979385780396,1.0026447016000748,1,BUY
2017-06-06,1.0088000297546387,48.954503533282654,1.0027586016058923,-1,SELL
2017-06-07,1.009909987449646,49.299041559253425,1.0028856015205383,1,BUY
2017-06-08,1.0188000202178955,60.66153965866058,1.003053601682186,-1,SELL
2017-06-16,1.0055999755859375,53.41053000165353,1.0036868008971214,1,BUY
2017-06-19,1.0068800449371338,53.80262645201363,1.0037996011972428,-1,SELL
2018-01-19,0.9935299754142761,67.21217616870334,0.9904960000514984,1,BUY
2018-01-22,0.9990599751472473,73.95399992504375,0.9904454001784324,-1,SELL
2018-02-22,0.9901300072669983,56.23139877955046,0.9875538501143456,1,BUY
2018-02-23,0.9965699911117554,67.02755977689355,0.9874917003512382,-1,SELL
2018-02-26,0.9912499785423279,54.95667338819555,0.98741219997406,1,BUY
2018-03-01,0.9963700175285339,69.81128725090228,0.987229449748993,-1,SELL
2018-03-13,1.0110000371932983,64.04111083718567,0.9873294499516487,1,BUY
2018-03-15,1.0206400156021118,75.57906791728108,0.9873806002736092,-1,SELL
2018-03-26,0.9928200244903564,36.15646166105255,0.9872780504822731,1,BUY
2018-03-27,0.9953100085258484,38.2666055224601,0.9872344505786895,-1,SELL
2018-06-22,0.9825000166893005,52.319391216548965,0.9821084004640579,1,BUY
2018-06-25,0.9876099824905396,48.77258633277468,0.9821692502498627,-1,SELL
2018-12-13,0.9635300040245056,56.828904659620434,0.9632014006376266,1,BUY
2018-12-14,0.9642300009727478,56.68533875762792,0.9630005505681037,-1,SELL
2020-04-27,0.9025580286979675,82.3036591769399,0.8939993044734001,1,BUY
2020-04-30,0.9093700051307678,77.53839057219527,0.8938253045082092,-1,SELL
2020-05-04,0.9012899994850159,64.2592038462409,0.8937402993440628,1,BUY
2020-05-11,0.9101200103759766,67.26604076898798,0.8938446241617203,-1,SELL
2020-05-19,0.9093279838562012,50.148568667713484,0.894190673828125,1,BUY
2020-05-21,0.9163979887962341,65.57312940729061,0.8943446886539459,-1,SELL
2020-06-01,0.9175230264663696,64.06372181039066,0.8948809587955475,1,BUY
2020-06-08,0.9377729892730713,83.41371198117963,0.8957988834381103,-1,SELL
2020-06-10,0.9314900040626526,66.9604126197334,0.8961657336354256,1,BUY
2020-06-11,0.9356650114059448,70.64688767205482,0.896351058781147,-1,SELL
2020-06-22,0.9290400147438049,56.477722317662334,0.8973572337627411,1,BUY
2020-06-24,0.9398300051689148,54.70253635127029,0.8976466336846352,-1,SELL
2020-07-02,0.9387999773025513,57.47678898812734,0.8987816083431244,1,BUY
2020-07-07,0.944350004196167,66.70123290163815,0.8994821983575821,-1,SELL
2020-07-17,0.9466140270233154,68.30587266252311,0.9014797136187553,1,BUY
2020-07-20,0.9506499767303467,73.48400340139165,0.901747313439846,-1,SELL
2020-07-27,0.952269971370697,60.743294486335095,0.9032233583927155,1,BUY
2020-07-31,0.9661639928817749,70.79231299753351,0.9044829681515694,-1,SELL
2020-08-28,0.9538300037384033,45.03895156957556,0.9093666487932205,1,BUY
2020-08-31,0.9641500115394592,58.62512151349735,0.9096720987558364,-1,SELL
2020-09-09,0.9539999961853027,55.32008446712336,0.9115614685416221,1,BUY
2020-09-14,0.9596999883651733,65.66440364070252,0.912388773560524,-1,SELL
2020-09-28,0.9420300126075745,32.647569839262815,0.9149359139800072,1,BUY
2020-09-30,0.9560400247573853,48.9000295386722,0.9153472739458084,-1,SELL
2020-10-21,0.9248999953269958,7.5731418666244394,0.9183040142059327,1,BUY
2020-10-22,0.934581995010376,27.84700918928499,0.9184736242890358,-1,SELL
2020-11-20,0.9508000016212463,66.3754546416616,0.9239826595783234,1,BUY
2020-11-23,0.9569399952888489,77.39455621554578,0.9243132245540618,-1,SELL
2020-11-24,0.9536730051040649,64.31989607643986,0.924642589688301,1,BUY
2020-11-25,0.9573400020599365,68.26666744872851,0.9249942296743393,-1,SELL
2020-12-09,0.949400007724762,42.26495296860175,0.9288806095719337,1,BUY
2020-12-15,0.9613000154495239,55.631407996094175,0.9301847097277641,-1,SELL
2020-12-17,0.9648799896240234,58.36685363838595,0.93088387966156,1,BUY
2020-12-21,0.9719300270080566,69.73362841490405,0.9319573846459389,-1,SELL
2020-12-24,0.973550021648407,71.73748274407696,0.9338267698884011,1,BUY
2020-12-25,0.9768000245094299,89.57968385051718,0.9345499300956726,-1,SELL
2020-12-30,0.9754899740219116,81.94734786506106,0.9364599847793579,1,BUY
2021-01-04,0.9811000227928162,82.97796300230516,0.9383645549416542,-1,SELL
2021-01-05,0.9797999858856201,84.35759038868345,0.9388910549879074,1,BUY
2021-01-07,0.9896469712257385,84.26970169370422,0.9401306900382042,-1,SELL
2021-01-19,0.9796019792556763,55.37965108843812,0.9446249547600746,1,BUY
2021-01-20,0.9811099767684937,51.08982555952926,0.9450653547048569,-1,SELL
2021-02-01,0.9754400253295898,37.93079990816405,0.9485393500328064,1,BUY
2021-02-02,0.9807400107383728,40.5075692002745,0.9489175501465797,-1,SELL
2021-02-19,0.9849600195884705,62.84408317665469,0.953724080324173,1,BUY
2021-02-23,0.997979998588562,84.31680793478438,0.954608790576458,-1,SELL
2021-03-11,0.9750999808311462,42.30863651072915,0.9584772759675979,1,BUY
2021-03-12,0.9758399724960327,33.98728277940218,0.9586717256903649,-1,SELL
2021-04-19,0.9655500054359436,53.884566997869015,0.9618144205212593,1,BUY
2021-04-21,0.9738900065422058,69.12431754260189,0.962073885500431,-1,SELL
2021-04-23,0.9631369709968567,54.960535327675615,0.9622720003128051,1,BUY
2021-04-27,0.9664260149002075,53.12069092878952,0.9624362802505493,-1,SELL
2022-03-17,0.9247199892997742,56.09989610544099,0.9203573870658874,1,BUY
2022-03-21,0.9340000152587891,60.709964973699456,0.9203218871355057,-1,SELL
2022-04-04,0.9377549886703491,67.20265050290779,0.920536787211895,1,BUY
2022-04-06,0.9469500184059143,77.02531535500626,0.9206569522619248,-1,SELL
2022-04-12,0.9372609853744507,47.347068620296035,0.9208717820048332,1,BUY
2022-04-13,0.9413999915122986,49.39652862330114,0.9209106320142746,-1,SELL
2022-12-01,0.9115999937057495,73.42255073825746,0.9006488651037217,1,BUY
2022-12-02,0.915037989616394,71.51882125209042,0.9006383550167084,-1,SELL
2022-12-06,0.9110450148582458,60.84074765851134,0.9005938750505448,1,BUY
2022-12-12,0.9259099960327148,83.07606620825003,0.9004109448194504,-1,SELL
2022-12-13,0.9200779795646667,75.31709486882849,0.9003207045793533,1,BUY
2022-12-15,0.9291700124740601,73.46979395478968,0.9002378544211388,-1,SELL
2022-12-28,0.9098399877548218,42.741144817408426,0.8994659090042114,1,BUY
2022-12-29,0.9175119996070862,47.235362360016104,0.8993444690108299,-1,SELL
2023-01-04,0.9193000197410583,40.647735962652156,0.8989651590585709,1,BUY
2023-01-05,0.9208199977874756,56.08900183686005,0.8988872590661049,-1,SELL
2023-01-06,0.9158120155334473,50.50021229864391,0.8987868192791939,1,BUY
2023-01-10,0.9254000186920166,65.61645188831682,0.8986458694934845,-1,SELL
2023-01-20,0.9301999807357788,59.78428351309707,0.8983423146605491,1,BUY
2023-01-24,0.9398109912872314,71.76134904845439,0.8984108498692512,-1,SELL
2023-01-25,0.9424229860305786,72.40086924060115,0.8984636297821998,1,BUY
2023-01-26,0.9510700106620789,83.99466688121743,0.8985711297392845,-1,SELL
2023-02-07,0.9259309768676758,43.489842140677595,0.8995981645584107,1,BUY
2023-02-10,0.9331700205802917,49.72509624294102,0.8998442295193673,-1,SELL
2023-02-20,0.9261699914932251,37.87021741799234,0.9005943593382836,1,BUY
2023-02-21,0.9294000267982483,44.122640648626096,0.9007614094018936,-1,SELL
2023-03-03,0.914900004863739,40.01037476387625,0.9013532894849777,1,BUY
2023-03-06,0.9186800122261047,37.160901392277886,0.9013918694853783,-1,SELL
2023-03-17,0.9140999913215637,48.11073860555095,0.9016512143611908,1,BUY
2023-03-20,0.9204369783401489,55.745004603964574,0.90176304936409,-1,SELL
2023-05-04,0.9052420258522034,50.3049075259448,0.9042083603143692,1,BUY
2023-05-08,0.9027929902076721,56.10840971011479,0.9043021205067635,-1,SELL
2023-11-23,0.8953999876976013,62.341701430274135,0.890164062678814,1,BUY
2023-11-24,0.898419976234436,59.496813185785996,0.8900336375832558,-1,SELL
2023-11-27,0.8969799876213074,59.04573091541344,0.8898876875638961,1,BUY
2023-11-29,0.9026380181312561,71.76118816403377,0.889609822332859,-1,SELL
2023-12-06,0.8907999992370605,49.862669324805466,0.8890569025278091,1,BUY
2023-12-08,0.8965799808502197,52.95995124220116,0.8888249921798707,-1,SELL
2023-12-12,0.8907999992370605,42.42653057260509,0.8885718721151352,1,BUY
2023-12-13,0.8917499780654907,46.13444264188818,0.8885010719299317,-1,SELL
2023-12-18,0.8963329792022705,46.63011546081847,0.888306981921196,1,BUY
2023-12-22,0.9027829766273499,51.60927814909082,0.888045901954174,-1,SELL
2024-01-01,0.9015610218048096,64.32093359731952,0.8875803574919701,1,BUY
2024-01-03,0.9012789726257324,51.72316749759145,0.8874913373589516,-1,SELL
2024-01-10,0.8948829770088196,40.56261572125904,0.8872427466511726,1,BUY
2024-01-11,0.896619975566864,38.79980068892307,0.8872088465094566,-1,SELL
2024-03-07,0.8872299790382385,64.63580453306585,0.8841188251972198,1,BUY
2024-03-11,0.8931800127029419,67.9089327679481,0.8841867652535439,-1,SELL
2024-04-09,0.8963410258293152,65.91046641727384,0.8837528005242348,1,BUY
2024-04-10,0.899619996547699,66.46313129974646,0.8838274005055428,-1,SELL
2024-04-11,0.8906999826431274,52.117928659987506,0.8838605505228042,1,BUY
2024-04-12,0.8951550126075745,59.300847910125796,0.883907325565815,-1,SELL
2024-04-24,0.8863800168037415,47.75153302946012,0.8835623151063919,1,BUY
2024-04-30,0.8967419862747192,46.47371995705804,0.8836161097884179,-1,SELL
2024-05-03,0.8980200290679932,60.54830625724856,0.8836734402179718,1,BUY
2024-05-07,0.9054819941520691,76.5049314974058,0.8838813900947571,-1,SELL
2024-05-15,0.9043499827384949,71.16764431457358,0.8846891298890114,1,BUY
2024-05-16,0.9106349945068359,75.48808308634536,0.8848574548959732,-1,SELL
2024-05-27,0.9053400158882141,49.73402354706734,0.8861593842506409,1,BUY
2024-05-30,0.9071400165557861,54.26532491449618,0.8866884392499924,-1,SELL
2024-06-12,0.9088199734687805,55.27851193145496,0.8882171189785004,1,BUY
2024-06-13,0.9142100214958191,62.84666831805796,0.8884381690621376,-1,SELL
2024-07-05,0.9155709743499756,63.429652443235874,0.8919276335835457,1,BUY
2024-07-08,0.9201800227165222,70.00327874444935,0.8921600836515426,-1,SELL
2024-07-11,0.9190000295639038,67.18679892964295,0.8929233536124229,1,BUY
2024-07-16,0.9249699711799622,85.99215361360369,0.8937028235197068,-1,SELL
2024-07-17,0.9197999835014343,67.49124690301161,0.8939339333772659,1,BUY
2024-07-18,0.9206500053405762,68.00548305490855,0.8941749835014343,-1,SELL
2024-07-26,0.9038100242614746,22.809077534468457,0.8955817386507988,1,BUY
2024-07-30,0.9077060222625732,32.8389915281673,0.8959817886352539,-1,SELL
2024-08-07,0.8981099724769592,13.984376934549601,0.896757153570652,1,BUY
2024-08-08,0.8960599899291992,13.908817929505815,0.8967950284481049,-1,SELL
2024-08-12,0.9018999934196472,34.95599041339206,0.8969639936089515,1,BUY
2024-08-14,0.9100459814071655,52.47137946880409,0.8971678033471108,-1,SELL
2024-08-19,0.9126799702644348,55.417999270233175,0.8975987082719803,1,BUY
2024-08-20,0.9180690050125122,62.27042542483487,0.8977890533208847,-1,SELL
2024-08-29,0.914089024066925,59.42481331603643,0.8985237085819244,1,BUY
2024-08-30,0.9165599942207336,66.23047359613142,0.8986144086718559,-1,SELL
2024-09-05,0.9071699976921082,49.032691737993176,0.8988472634553909,1,BUY
2024-09-06,0.9099199771881104,46.78891066368754,0.8989200782775879,-1,SELL
2024-09-26,0.9196400046348572,61.77333115783303,0.9002816185355187,1,BUY
2024-10-01,0.9354400038719177,81.53919613797322,0.9007582384347915,-1,SELL
2024-10-10,0.920799970626831,47.111813410928896,0.9015533983707428,1,BUY
2024-10-14,0.9275599718093872,53.20388437803005,0.9018595033884048,-1,SELL
2024-10-17,0.916782021522522,36.68214903948203,0.9022461485862732,1,BUY
2024-10-21,0.9264429807662964,40.677608101948785,0.9025340932607651,-1,SELL
2024-10-22,0.9203299880027771,41.548995463055945,0.9026707431674004,1,BUY
2024-10-23,0.9233300089836121,43.10495161369553,0.9028434932231904,-1,SELL
2024-11-07,0.9158999919891357,38.652314812560945,0.9045174330472946,1,BUY
2024-11-08,0.925790011882782,49.26489041465415,0.9047498831152916,-1,SELL
2025-09-03,0.8984400033950806,44.957977288059375,0.8955622705817222,1,BUY
2025-09-04,0.9026299715042114,59.95390746282989,0.8955197355151177,-1,SELL
2025-09-05,0.9009299874305725,53.32558768395917,0.895468245446682,1,BUY
2025-09-12,0.9221199750900269,84.46737005380427,0.8955436703562737,-1,SELL
2025-09-30,0.9154700040817261,54.78289987721843,0.8960761004686355,1,BUY
2025-10-01,0.9203799962997437,53.84854605692609,0.8961907005310059,-1,SELL
2025-10-13,0.9095600247383118,45.97955080186289,0.8971395003795624,1,BUY
2025-10-14,0.914080023765564,51.305672168061655,0.8972443506121636,-1,SELL
2025-10-15,0.911620020866394,45.660209944623645,0.8973117107152939,1,BUY
2025-10-16,0.9140130281448364,53.471383868778425,0.8974091258645057,-1,SELL
2025-11-13,0.9156200289726257,58.00570055471766,0.8991757613420487,1,BUY
2025-11-14,0.9161999821662903,53.88539948770132,0.8992770561575889,-1,SELL
2025-11-26,0.9123899936676025,38.2570415676497,0.899793601334095,1,BUY
2025-11-28,0.9166100025177002,57.80349731526192,0.8999437013268471,-1,SELL
2025-12-04,0.9214400053024292,60.5902179648105,0.9001969960331917,1,BUY
2025-12-08,0.917930006980896,61.337030478143355,0.900332250893116,-1,SELL
2025-12-22,0.9114800095558167,41.56156720802877,0.9008584865927696,1,BUY
2025-12-29,0.9175300002098083,49.06871084935902,0.9010041362047195,-1,SELL
2025-12-30,0.9161400198936462,46.533626716078494,0.9010289013385773,1,BUY
